{"cameraMode":{"drawMode":0,"name":"Shaded","section":"Shading Mode"},"sceneLighting":true,"audioPlay":false,"sceneViewState":{"m_AlwaysRefresh":false,"showFog":true,"showSkybox":true,"showFlares":true,"showImageEffects":true,"showParticleSystems":true,"showVisualEffectGraphs":true,"m_FxEnabled":true},"in2DMode":false,"pivot":{"x":-0.3260538578033447,"y":-2.552774429321289,"z":-39.83495330810547},"rotation":{"x":0.33039742708206179,"y":-0.029724473133683206,"z":0.010410845279693604,"w":0.9433180093765259},"size":8.00487232208252,"orthographic":false}