{"cameraMode":{"drawMode":0,"name":"Shaded","section":"Shading Mode"},"sceneLighting":false,"audioPlay":false,"sceneViewState":{"m_AlwaysRefresh":false,"showFog":true,"showSkybox":false,"showFlares":true,"showImageEffects":true,"showParticleSystems":true,"showVisualEffectGraphs":true,"m_FxEnabled":true},"in2DMode":false,"pivot":{"x":0.0176699161529541,"y":1.5787439346313477,"z":0.03200852870941162},"rotation":{"x":0.2797759175300598,"y":-0.16542455554008485,"z":0.04900475963950157,"w":0.9444358348846436},"size":1.5946030616760255,"orthographic":false}