{"cameraMode":{"drawMode":0,"name":"Shaded","section":"Shading Mode"},"sceneLighting":false,"audioPlay":false,"sceneViewState":{"m_AlwaysRefresh":false,"showFog":true,"showSkybox":false,"showFlares":true,"showImageEffects":true,"showParticleSystems":true,"showVisualEffectGraphs":true,"m_FxEnabled":true},"in2DMode":false,"pivot":{"x":0.8208832740783691,"y":0.07191850990056992,"z":47.3577880859375},"rotation":{"x":0.21604599058628083,"y":-0.17465966939926148,"z":0.03931368142366409,"w":0.9598296284675598},"size":0.2056160569190979,"orthographic":false}