{"cameraMode":{"drawMode":0,"name":"Shaded","section":"Shading Mode"},"sceneLighting":false,"audioPlay":false,"sceneViewState":{"m_AlwaysRefresh":false,"showFog":true,"showSkybox":false,"showFlares":true,"showImageEffects":true,"showParticleSystems":true,"showVisualEffectGraphs":true,"m_FxEnabled":true},"in2DMode":false,"pivot":{"x":1.0924476385116578,"y":-0.01796451210975647,"z":0.020617783069610597},"rotation":{"x":0.24030490219593049,"y":-0.09591306746006012,"z":0.023868100717663766,"w":0.9656532406806946},"size":0.4958920478820801,"orthographic":false}