{"cameraMode":{"drawMode":0,"name":"Shaded","section":"Shading Mode"},"sceneLighting":false,"audioPlay":false,"sceneViewState":{"m_AlwaysRefresh":false,"showFog":true,"showSkybox":false,"showFlares":true,"showImageEffects":true,"showParticleSystems":true,"showVisualEffectGraphs":true,"m_FxEnabled":true},"in2DMode":false,"pivot":{"x":0.05551022291183472,"y":-0.19480231404304505,"z":0.09303450584411621},"rotation":{"x":0.15283289551734925,"y":-0.17772860825061799,"z":0.02795283868908882,"w":0.9717377424240112},"size":1.5059071779251099,"orthographic":false}