{"cameraMode":{"drawMode":0,"name":"Shaded","section":"Shading Mode"},"sceneLighting":false,"audioPlay":false,"sceneViewState":{"m_AlwaysRefresh":false,"showFog":true,"showSkybox":false,"showFlares":true,"showImageEffects":true,"showParticleSystems":true,"showVisualEffectGraphs":true,"m_FxEnabled":true},"in2DMode":false,"pivot":{"x":0.5393003225326538,"y":0.19999998807907105,"z":-47.218894958496097},"rotation":{"x":0.13856567442417146,"y":-0.721148669719696,"z":0.1509951502084732,"w":0.661783754825592},"size":0.21650634706020356,"orthographic":false}